{
  "captures": [
    {
      "app": "Netflix",
      "condition": "baseline",
      "pcap": "data/netflix.pcapng",
      "tcp": {
        "total_tcp_packets": 6378,
        "total_tcp_bytes": 8547705,
        "duration_sec": 18.589035987854004,
        "throughput_bytes_per_sec": 459825.08213901107,
        "retransmissions": 179,
        "average_window_size": 3217.533082470994,
        "average_ack_rtt_ms": 8.138671936758893,
        "ack_rtt_samples_ms": [
          34.185,
          0.148,
          173.166,
          0.127,
          167.27800000000002,
          0.154,
          0.207,
          21.735999999999997,
          0.108,
          112.974,
          0.079,
          103.80799999999999,
          0.088,
          0.083,
          102.72399999999999,
          0.081,
          109.258,
          0.081,
          186.534,
          0.094,
          106.455,
          0.11699999999999999,
          47.461000000000006,
          42.983,
          44.198,
          52.778,
          0.131,
          0.083,
          0.102,
          27.562,
          0.175,
          96.33999999999999,
          0.136,
          18.672,
          0.102,
          34.055,
          35.157000000000004,
          0.10900000000000001,
          0.211,
          0.214,
          0.217,
          0.202,
          37.502,
          0.121,
          0.16,
          0.165,
          0.149,
          0.21800000000000003,
          0.22599999999999998,
          0.196,
          0.112,
          0.17,
          0.171,
          0.131,
          0.184,
          0.16899999999999998,
          0.242,
          0.081,
          0.093,
          0.132,
          0.09899999999999999,
          0.112,
          0.093,
          0.091,
          0.13899999999999998,
          0.187,
          0.192,
          0.16799999999999998,
          0.262,
          0.078,
          0.103,
          0.08600000000000001,
          0.104,
          0.12000000000000001,
          0.128,
          0.115,
          0.182,
          0.09899999999999999,
          0.11299999999999999,
          0.102,
          0.102,
          0.088,
          0.088,
          0.098,
          0.048,
          0.708,
          0.067,
          0.085,
          0.082,
          0.162,
          0.114,
          0.132,
          0.136,
          0.10500000000000001,
          0.094,
          0.092,
          0.18100000000000002,
          53.107,
          30.033,
          0.06899999999999999,
          0.10900000000000001,
          0.11699999999999999,
          0.112,
          0.11299999999999999,
          0.193,
          0.073,
          0.201,
          0.443,
          0.186,
          0.127,
          0.051,
          0.087,
          0.04,
          0.121,
          0.092,
          0.082,
          0.12300000000000001,
          0.057,
          0.174,
          0.085,
          0.034999999999999996,
          0.10900000000000001,
          0.10500000000000001,
          0.085,
          0.11299999999999999,
          0.148,
          0.08399999999999999,
          0.114,
          0.062,
          0.163,
          0.107,
          0.10900000000000001,
          0.055,
          0.152,
          0.124,
          0.131,
          0.184,
          0.118,
          0.12999999999999998,
          0.046,
          0.15,
          0.07200000000000001,
          0.164,
          0.07200000000000001,
          0.132,
          0.081,
          0.16699999999999998,
          0.081,
          0.125,
          0.07100000000000001,
          0.166,
          0.094,
          0.149,
          0.075,
          0.174,
          0.076,
          0.13699999999999998,
          0.091,
          0.19,
          0.093,
          0.154,
          0.108,
          0.16799999999999998,
          0.11299999999999999,
          0.18000000000000002,
          0.07200000000000001,
          0.194,
          0.067,
          0.19799999999999998,
          0.052,
          0.214,
          0.075,
          0.318,
          0.103,
          0.27599999999999997,
          0.245,
          0.158,
          0.068,
          0.14100000000000001,
          0.159,
          23.148,
          0.18000000000000002,
          0.944,
          0.17200000000000001,
          0.063,
          0.17,
          0.087,
          22.663,
          0.184,
          0.1,
          0.16799999999999998,
          0.092,
          0.186,
          0.18100000000000002,
          0.064,
          0.121,
          0.11699999999999999,
          0.054,
          0.203,
          0.093,
          0.21800000000000003,
          0.089,
          0.08399999999999999,
          0.196,
          0.103,
          0.213,
          0.067,
          0.102,
          0.146,
          0.06499999999999999,
          0.16,
          0.087,
          0.127,
          0.055,
          0.136,
          0.087,
          0.095,
          0.061,
          0.131,
          0.056,
          0.186,
          0.066,
          0.121,
          0.103,
          0.112,
          178.39,
          0.149,
          103.771,
          0.148,
          107.18900000000001,
          0.125,
          103.963,
          0.047,
          112.619,
          0.082,
          213.721,
          108.42200000000001,
          0.10900000000000001,
          29.625,
          0.13899999999999998,
          107.784,
          107.753,
          0.115,
          32.954,
          0.094,
          29.061,
          0.07100000000000001,
          37.987,
          0.095,
          0.08,
          0.044,
          0.129,
          35.601,
          0.129,
          0.087,
          0.061,
          0.061,
          0.08,
          0.114,
          0.058,
          0.049,
          0.11299999999999999,
          0.079,
          0.081,
          0.066,
          33.826,
          0.176,
          150.175,
          0.134,
          87.76299999999999,
          0.121,
          0.112,
          0.097,
          0.06499999999999999,
          0.064,
          0.041,
          0.060000000000000005,
          0.06999999999999999,
          0.04,
          0.06499999999999999,
          0.049,
          0.041,
          0.098,
          0.058,
          0.089,
          0.06899999999999999,
          0.077,
          0.066,
          0.06999999999999999,
          64.83800000000001,
          18.016000000000002,
          0.13699999999999998,
          0.087,
          0.025,
          0.036000000000000004,
          0.078,
          0.106,
          0.115,
          0.179,
          0.243,
          0.25,
          0.217,
          0.114,
          0.152,
          0.159,
          0.134,
          0.053,
          0.202,
          0.083,
          0.189,
          0.124,
          0.114,
          0.054,
          0.29,
          0.102,
          0.205,
          0.062,
          0.11699999999999999,
          0.063,
          0.174,
          0.223,
          0.232,
          0.05,
          0.161,
          0.213,
          0.222,
          0.052,
          0.09899999999999999,
          0.134,
          0.13699999999999998,
          0.115,
          0.129,
          0.171,
          0.27099999999999996,
          0.083,
          0.13999999999999999,
          0.11,
          0.12999999999999998,
          0.146,
          0.196,
          0.221,
          0.22599999999999998,
          96.834,
          0.19799999999999998,
          15.655,
          25.826999999999998,
          0.104,
          32.445,
          0.107,
          0.106,
          0.161,
          0.098,
          0.14200000000000002,
          0.062,
          0.078,
          0.094,
          0.125,
          0.156,
          0.161,
          0.20900000000000002,
          0.066,
          0.093,
          0.047,
          0.057,
          0.057,
          0.106,
          0.14300000000000002,
          0.146,
          0.129,
          0.206,
          0.032,
          0.07100000000000001,
          0.094,
